-- =====================================================
-- 公证处预付费资金监管平台 - 测试数据
-- 密码统一为: 123456 (BCrypt加密)
-- =====================================================

-- 清空已有数据（开发环境使用）
DELETE FROM industry_stats;
DELETE FROM risk_alert;
DELETE FROM notification;
DELETE FROM contract;
DELETE FROM complaint;
DELETE FROM refund_application;
DELETE FROM fund_transaction;
DELETE FROM fund_escrow;
DELETE FROM orders;
DELETE FROM product;
DELETE FROM merchant;
DELETE FROM sys_user;

-- BCrypt编码后的 '123456'
-- $2a$10$N.zmdr9k7uOCQb376NoUnuTJ8iAt6Z5EHsM8lE9lBOsl7iKTVKIUi

-- =====================================================
-- 1. 系统用户 (2公证处 + 1监管方 + 5商户 + 10消费者 = 18用户)
-- =====================================================
INSERT INTO sys_user (id, username, password, real_name, phone, role, id_card, status) VALUES
-- 公证处用户
(1, 'notary01', '$2a$10$N.zmdr9k7uOCQb376NoUnuTJ8iAt6Z5EHsM8lE9lBOsl7iKTVKIUi', '张公证', '13800000001', 'NOTARY', '110101198001010011', 1),
(2, 'notary02', '$2a$10$N.zmdr9k7uOCQb376NoUnuTJ8iAt6Z5EHsM8lE9lBOsl7iKTVKIUi', '李公证', '13800000002', 'NOTARY', '110101198002020022', 1),
-- 监管方用户
(3, 'regulator01', '$2a$10$N.zmdr9k7uOCQb376NoUnuTJ8iAt6Z5EHsM8lE9lBOsl7iKTVKIUi', '王监管', '13800000003', 'REGULATOR', '110101197501010033', 1),
-- 商户用户
(4, 'merchant01', '$2a$10$N.zmdr9k7uOCQb376NoUnuTJ8iAt6Z5EHsM8lE9lBOsl7iKTVKIUi', '赵商户', '13800000004', 'MERCHANT', '110101198503030044', 1),
(5, 'merchant02', '$2a$10$N.zmdr9k7uOCQb376NoUnuTJ8iAt6Z5EHsM8lE9lBOsl7iKTVKIUi', '钱商户', '13800000005', 'MERCHANT', '110101198604040055', 1),
(6, 'merchant03', '$2a$10$N.zmdr9k7uOCQb376NoUnuTJ8iAt6Z5EHsM8lE9lBOsl7iKTVKIUi', '孙商户', '13800000006', 'MERCHANT', '110101198705050066', 1),
(7, 'merchant04', '$2a$10$N.zmdr9k7uOCQb376NoUnuTJ8iAt6Z5EHsM8lE9lBOsl7iKTVKIUi', '周商户', '13800000007', 'MERCHANT', '110101198806060077', 1),
(8, 'merchant05', '$2a$10$N.zmdr9k7uOCQb376NoUnuTJ8iAt6Z5EHsM8lE9lBOsl7iKTVKIUi', '吴商户', '13800000008', 'MERCHANT', '110101198907070088', 1),
-- 消费者用户
(9, 'consumer01', '$2a$10$N.zmdr9k7uOCQb376NoUnuTJ8iAt6Z5EHsM8lE9lBOsl7iKTVKIUi', '陈消费', '13900000001', 'CONSUMER', '310101199001010011', 1),
(10, 'consumer02', '$2a$10$N.zmdr9k7uOCQb376NoUnuTJ8iAt6Z5EHsM8lE9lBOsl7iKTVKIUi', '林消费', '13900000002', 'CONSUMER', '310101199102020022', 1),
(11, 'consumer03', '$2a$10$N.zmdr9k7uOCQb376NoUnuTJ8iAt6Z5EHsM8lE9lBOsl7iKTVKIUi', '黄消费', '13900000003', 'CONSUMER', '310101199203030033', 1),
(12, 'consumer04', '$2a$10$N.zmdr9k7uOCQb376NoUnuTJ8iAt6Z5EHsM8lE9lBOsl7iKTVKIUi', '郑消费', '13900000004', 'CONSUMER', '310101199304040044', 1),
(13, 'consumer05', '$2a$10$N.zmdr9k7uOCQb376NoUnuTJ8iAt6Z5EHsM8lE9lBOsl7iKTVKIUi', '刘消费', '13900000005', 'CONSUMER', '310101199405050055', 1),
(14, 'consumer06', '$2a$10$N.zmdr9k7uOCQb376NoUnuTJ8iAt6Z5EHsM8lE9lBOsl7iKTVKIUi', '杨消费', '13900000006', 'CONSUMER', '310101199506060066', 1),
(15, 'consumer07', '$2a$10$N.zmdr9k7uOCQb376NoUnuTJ8iAt6Z5EHsM8lE9lBOsl7iKTVKIUi', '吕消费', '13900000007', 'CONSUMER', '310101199607070077', 1),
(16, 'consumer08', '$2a$10$N.zmdr9k7uOCQb376NoUnuTJ8iAt6Z5EHsM8lE9lBOsl7iKTVKIUi', '何消费', '13900000008', 'CONSUMER', '310101199708080088', 1),
(17, 'consumer09', '$2a$10$N.zmdr9k7uOCQb376NoUnuTJ8iAt6Z5EHsM8lE9lBOsl7iKTVKIUi', '马消费', '13900000009', 'CONSUMER', '310101199809090099', 1),
(18, 'consumer10', '$2a$10$N.zmdr9k7uOCQb376NoUnuTJ8iAt6Z5EHsM8lE9lBOsl7iKTVKIUi', '高消费', '13900000010', 'CONSUMER', '310101199910100010', 1);

-- =====================================================
-- 2. 商户信息 (5个商户, 各种状态和行业)
-- =====================================================
INSERT INTO merchant (id, user_id, company_name, license_no, credit_code, legal_person, legal_person_id, industry_type, address, contact_phone, status, notary_id, review_comment, review_time) VALUES
(1, 4, '阳光教育培训中心', 'BL20240001', '91110105MA01ABCD1X', '赵商户', '110101198503030044', 'EDUCATION', '北京市朝阳区建国路88号', '010-12345001', 'APPROVED', 1, '资质齐全，审核通过', '2025-12-15 10:00:00'),
(2, 5, '健力健身俱乐部', 'BL20240002', '91110105MA01EFGH2Y', '钱商户', '110101198604040055', 'FITNESS', '北京市海淀区中关村大街100号', '010-12345002', 'APPROVED', 1, '审核通过', '2025-12-20 14:00:00'),
(3, 6, '美丽人生美容院', 'BL20240003', '91110105MA01IJKL3Z', '孙商户', '110101198705050066', 'BEAUTY', '上海市静安区南京西路500号', '021-12345003', 'APPROVED', 2, '审核通过', '2026-01-05 09:30:00'),
(4, 7, '夕阳红养老服务中心', 'BL20240004', '91110105MA01MNOP4A', '周商户', '110101198806060077', 'ELDERLY', '广州市天河区体育西路200号', '020-12345004', 'PENDING', NULL, NULL, NULL),
(5, 8, '乐学少儿编程', 'BL20240005', '91110105MA01QRST5B', '吴商户', '110101198907070088', 'EDUCATION', '深圳市南山区科技园路300号', '0755-12345005', 'REJECTED', 2, '营业执照信息不完整，请补充', '2026-02-10 16:00:00');

-- =====================================================
-- 3. 商品/服务 (每个已审核商户2-3个商品)
-- =====================================================
INSERT INTO product (id, merchant_id, name, description, category, original_price, selling_price, total_count, sold_count, status, cover_image) VALUES
-- 阳光教育培训中心的商品
(1, 1, '少儿英语年卡', '适合6-12岁儿童，全年48次课程，中外教结合', '语言培训', 12000.00, 9800.00, 100, 35, 'ON_SALE', '/images/english.jpg'),
(2, 1, '数学思维训练班', '适合8-14岁学生，培养逻辑思维，24次课程', '学科辅导', 6000.00, 4800.00, 50, 18, 'ON_SALE', '/images/math.jpg'),
(3, 1, '暑期夏令营', '7天6夜户外探索夏令营，含食宿', '素质拓展', 5800.00, 5200.00, 30, 8, 'PENDING', '/images/camp.jpg'),
-- 健力健身的商品
(4, 2, '年度健身卡', '全年不限次数使用所有器械和课程', '健身会员', 5000.00, 3600.00, 200, 85, 'ON_SALE', '/images/gym-year.jpg'),
(5, 2, '私教课程10次卡', '专业私人教练一对一指导，10次课', '私教', 8000.00, 6500.00, 50, 22, 'ON_SALE', '/images/pt.jpg'),
(6, 2, '瑜伽季卡', '每周三次瑜伽课程，持续三个月', '瑜伽', 3000.00, 2400.00, 80, 40, 'ON_SALE', '/images/yoga.jpg'),
-- 美丽人生美容院的商品
(7, 3, '面部护理年卡', '每月2次深层清洁+补水护理，全年24次', '面部护理', 9600.00, 7200.00, 60, 25, 'ON_SALE', '/images/facial.jpg'),
(8, 3, '美发造型套餐', '含洗剪吹10次+烫染2次', '美发', 3500.00, 2800.00, 100, 50, 'ON_SALE', '/images/hair.jpg'),
-- 待审核商品
(9, 3, '身体SPA套餐', '全身精油按摩+热石疗法，10次套餐', 'SPA', 12000.00, 8800.00, 40, 0, 'PENDING', '/images/spa.jpg');

-- =====================================================
-- 4. 订单 (20+笔订单，各种状态)
-- =====================================================
INSERT INTO orders (id, order_no, consumer_id, merchant_id, product_id, product_name, amount, pay_status, pay_time, pay_channel, escrow_status, contract_no) VALUES
-- 已支付+托管中的订单
(1, 'ORD20260101000001', 9, 1, 1, '少儿英语年卡', 9800.00, 'PAID', '2026-01-10 10:30:00', 'WECHAT', 'IN_ESCROW', 'CNT20260101A001'),
(2, 'ORD20260102000002', 10, 1, 1, '少儿英语年卡', 9800.00, 'PAID', '2026-01-12 14:20:00', 'ALIPAY', 'IN_ESCROW', 'CNT20260102A002'),
(3, 'ORD20260103000003', 11, 1, 2, '数学思维训练班', 4800.00, 'PAID', '2026-01-15 09:00:00', 'WECHAT', 'IN_ESCROW', 'CNT20260103A003'),
(4, 'ORD20260104000004', 12, 2, 4, '年度健身卡', 3600.00, 'PAID', '2026-01-18 16:45:00', 'ALIPAY', 'IN_ESCROW', 'CNT20260104A004'),
(5, 'ORD20260105000005', 13, 2, 4, '年度健身卡', 3600.00, 'PAID', '2026-01-20 11:00:00', 'WECHAT', 'IN_ESCROW', 'CNT20260105A005'),
(6, 'ORD20260106000006', 14, 2, 5, '私教课程10次卡', 6500.00, 'PAID', '2026-01-22 13:30:00', 'BANK', 'IN_ESCROW', 'CNT20260106A006'),
(7, 'ORD20260107000007', 15, 3, 7, '面部护理年卡', 7200.00, 'PAID', '2026-02-01 10:00:00', 'WECHAT', 'IN_ESCROW', 'CNT20260107A007'),
(8, 'ORD20260108000008', 16, 3, 8, '美发造型套餐', 2800.00, 'PAID', '2026-02-05 15:20:00', 'ALIPAY', 'IN_ESCROW', 'CNT20260108A008'),
-- 部分释放的订单
(9, 'ORD20260109000009', 9, 2, 6, '瑜伽季卡', 2400.00, 'PAID', '2026-02-10 09:30:00', 'WECHAT', 'PARTIAL_RELEASED', 'CNT20260109A009'),
(10, 'ORD20260110000010', 10, 1, 2, '数学思维训练班', 4800.00, 'PAID', '2026-02-15 14:00:00', 'ALIPAY', 'PARTIAL_RELEASED', 'CNT20260110A010'),
-- 已全部释放的订单
(11, 'ORD20260111000011', 11, 2, 4, '年度健身卡', 3600.00, 'PAID', '2026-01-05 10:00:00', 'WECHAT', 'FULLY_RELEASED', 'CNT20260111A011'),
(12, 'ORD20260112000012', 12, 3, 8, '美发造型套餐', 2800.00, 'PAID', '2026-01-08 16:00:00', 'ALIPAY', 'FULLY_RELEASED', 'CNT20260112A012'),
-- 退款中的订单
(13, 'ORD20260113000013', 13, 1, 1, '少儿英语年卡', 9800.00, 'REFUNDING', '2026-02-20 10:00:00', 'WECHAT', 'IN_ESCROW', 'CNT20260113A013'),
(14, 'ORD20260114000014', 14, 2, 5, '私教课程10次卡', 6500.00, 'REFUNDING', '2026-02-22 11:30:00', 'ALIPAY', 'IN_ESCROW', 'CNT20260114A014'),
-- 已退款的订单
(15, 'ORD20260115000015', 15, 1, 2, '数学思维训练班', 4800.00, 'REFUNDED', '2026-01-25 09:00:00', 'WECHAT', 'REFUNDED', 'CNT20260115A015'),
-- 未支付的订单
(16, 'ORD20260116000016', 16, 2, 6, '瑜伽季卡', 2400.00, 'UNPAID', NULL, 'WECHAT', 'PENDING', NULL),
(17, 'ORD20260117000017', 17, 3, 7, '面部护理年卡', 7200.00, 'UNPAID', NULL, 'ALIPAY', 'PENDING', NULL),
-- 更多已支付订单
(18, 'ORD20260118000018', 17, 1, 1, '少儿英语年卡', 9800.00, 'PAID', '2026-03-01 10:00:00', 'WECHAT', 'IN_ESCROW', 'CNT20260118A018'),
(19, 'ORD20260119000019', 18, 2, 4, '年度健身卡', 3600.00, 'PAID', '2026-03-05 14:30:00', 'ALIPAY', 'IN_ESCROW', 'CNT20260119A019'),
(20, 'ORD20260120000020', 18, 3, 7, '面部护理年卡', 7200.00, 'PAID', '2026-03-10 11:00:00', 'BANK', 'IN_ESCROW', 'CNT20260120A020'),
(21, 'ORD20260121000021', 9, 3, 8, '美发造型套餐', 2800.00, 'PAID', '2026-03-12 15:00:00', 'WECHAT', 'IN_ESCROW', 'CNT20260121A021'),
(22, 'ORD20260122000022', 10, 2, 5, '私教课程10次卡', 6500.00, 'PAID', '2026-03-15 09:30:00', 'ALIPAY', 'IN_ESCROW', 'CNT20260122A022');

-- =====================================================
-- 5. 资金托管记录
-- =====================================================
INSERT INTO fund_escrow (id, order_id, consumer_id, merchant_id, total_amount, released_amount, remaining_amount, status) VALUES
(1, 1, 9, 1, 9800.00, 0.00, 9800.00, 'ACTIVE'),
(2, 2, 10, 1, 9800.00, 0.00, 9800.00, 'ACTIVE'),
(3, 3, 11, 1, 4800.00, 0.00, 4800.00, 'ACTIVE'),
(4, 4, 12, 2, 3600.00, 0.00, 3600.00, 'ACTIVE'),
(5, 5, 13, 2, 3600.00, 0.00, 3600.00, 'ACTIVE'),
(6, 6, 14, 2, 6500.00, 0.00, 6500.00, 'ACTIVE'),
(7, 7, 15, 3, 7200.00, 0.00, 7200.00, 'ACTIVE'),
(8, 8, 16, 3, 2800.00, 0.00, 2800.00, 'ACTIVE'),
-- 部分释放
(9, 9, 9, 2, 2400.00, 800.00, 1600.00, 'ACTIVE'),
(10, 10, 10, 1, 4800.00, 2400.00, 2400.00, 'ACTIVE'),
-- 已全部释放
(11, 11, 11, 2, 3600.00, 3600.00, 0.00, 'COMPLETED'),
(12, 12, 12, 3, 2800.00, 2800.00, 0.00, 'COMPLETED'),
-- 退款中
(13, 13, 13, 1, 9800.00, 0.00, 9800.00, 'ACTIVE'),
(14, 14, 14, 2, 6500.00, 0.00, 6500.00, 'ACTIVE'),
-- 已退款
(15, 15, 15, 1, 4800.00, 0.00, 0.00, 'REFUNDED'),
-- 新订单托管
(16, 18, 17, 1, 9800.00, 0.00, 9800.00, 'ACTIVE'),
(17, 19, 18, 2, 3600.00, 0.00, 3600.00, 'ACTIVE'),
(18, 20, 18, 3, 7200.00, 0.00, 7200.00, 'ACTIVE'),
(19, 21, 9, 3, 2800.00, 0.00, 2800.00, 'ACTIVE'),
(20, 22, 10, 2, 6500.00, 0.00, 6500.00, 'ACTIVE');

-- =====================================================
-- 6. 资金交易流水
-- =====================================================
INSERT INTO fund_transaction (id, escrow_id, order_id, type, amount, operator_id, remark) VALUES
-- 存入记录
(1, 1, 1, 'DEPOSIT', 9800.00, 9, '消费者支付，资金进入托管账户'),
(2, 2, 2, 'DEPOSIT', 9800.00, 10, '消费者支付，资金进入托管账户'),
(3, 3, 3, 'DEPOSIT', 4800.00, 11, '消费者支付，资金进入托管账户'),
(4, 4, 4, 'DEPOSIT', 3600.00, 12, '消费者支付，资金进入托管账户'),
(5, 5, 5, 'DEPOSIT', 3600.00, 13, '消费者支付，资金进入托管账户'),
(6, 6, 6, 'DEPOSIT', 6500.00, 14, '消费者支付，资金进入托管账户'),
(7, 7, 7, 'DEPOSIT', 7200.00, 15, '消费者支付，资金进入托管账户'),
(8, 8, 8, 'DEPOSIT', 2800.00, 16, '消费者支付，资金进入托管账户'),
(9, 9, 9, 'DEPOSIT', 2400.00, 9, '消费者支付，资金进入托管账户'),
(10, 10, 10, 'DEPOSIT', 4800.00, 10, '消费者支付，资金进入托管账户'),
(11, 11, 11, 'DEPOSIT', 3600.00, 11, '消费者支付，资金进入托管账户'),
(12, 12, 12, 'DEPOSIT', 2800.00, 12, '消费者支付，资金进入托管账户'),
(13, 13, 13, 'DEPOSIT', 9800.00, 13, '消费者支付，资金进入托管账户'),
(14, 14, 14, 'DEPOSIT', 6500.00, 14, '消费者支付，资金进入托管账户'),
(15, 15, 15, 'DEPOSIT', 4800.00, 15, '消费者支付，资金进入托管账户'),
-- 释放记录
(16, 9, 9, 'RELEASE', 800.00, 1, '公证处审核通过，释放第一个月费用'),
(17, 10, 10, 'RELEASE', 2400.00, 1, '公证处审核通过，释放已完成课时费用'),
(18, 11, 11, 'RELEASE', 3600.00, 1, '服务期满，全额释放'),
(19, 12, 12, 'RELEASE', 2800.00, 2, '服务消费完成，全额释放'),
-- 退款记录
(20, 15, 15, 'REFUND', 4800.00, 1, '公证处批准退款，全额退回消费者'),
-- 新订单存入
(21, 16, 18, 'DEPOSIT', 9800.00, 17, '消费者支付，资金进入托管账户'),
(22, 17, 19, 'DEPOSIT', 3600.00, 18, '消费者支付，资金进入托管账户'),
(23, 18, 20, 'DEPOSIT', 7200.00, 18, '消费者支付，资金进入托管账户'),
(24, 19, 21, 'DEPOSIT', 2800.00, 9, '消费者支付，资金进入托管账户'),
(25, 20, 22, 'DEPOSIT', 6500.00, 10, '消费者支付，资金进入托管账户');

-- =====================================================
-- 7. 退款申请
-- =====================================================
INSERT INTO refund_application (id, order_id, consumer_id, merchant_id, refund_amount, reason, status, merchant_comment, notary_comment, operator_id) VALUES
(1, 13, 13, 1, 9800.00, '孩子不适应教学方式，希望全额退款', 'PENDING', NULL, NULL, NULL),
(2, 14, 14, 2, 6500.00, '教练服务态度差，要求退款', 'MERCHANT_APPROVED', '同意退款处理', NULL, 5),
(3, 15, 15, 1, 4800.00, '搬家到外地，无法继续上课', 'COMPLETED', '同意退款', '已审核通过，全额退款', 1);

-- =====================================================
-- 8. 投诉
-- =====================================================
INSERT INTO complaint (id, complainant_id, merchant_id, order_id, title, content, status, reply, handler_id) VALUES
(1, 9, 1, 1, '课程质量与描述不符', '宣传说是外教授课，实际上课的是中教老师，与宣传严重不符', 'PENDING', NULL, NULL),
(2, 12, 2, 4, '健身房设备老旧', '健身房多台器械损坏未修理，存在安全隐患', 'PROCESSING', NULL, 1),
(3, 15, 3, 7, '预约难', '每次预约护理都说没有空位，会员权益得不到保障', 'RESOLVED', '已与商户沟通，增加可预约时段，感谢反馈', 2),
(4, 16, 3, 8, '服务质量下降', '近期美发师更换频繁，服务质量明显下降', 'PENDING', NULL, NULL);

-- =====================================================
-- 9. 合同
-- =====================================================
INSERT INTO contract (id, order_id, consumer_id, merchant_id, contract_no, contract_type, content_json, sign_status, consumer_sign_time, merchant_sign_time) VALUES
(1, 1, 9, 1, 'CNT20260101A001', '预付费服务合同', '{"service":"少儿英语年卡","amount":9800,"terms":"本合同受公证处监管，资金托管至服务完成"}', 'FULLY_SIGNED', '2026-01-10 10:30:00', '2026-01-10 10:31:00'),
(2, 2, 10, 1, 'CNT20260102A002', '预付费服务合同', '{"service":"少儿英语年卡","amount":9800,"terms":"本合同受公证处监管"}', 'FULLY_SIGNED', '2026-01-12 14:20:00', '2026-01-12 14:21:00'),
(3, 3, 11, 1, 'CNT20260103A003', '预付费服务合同', '{"service":"数学思维训练班","amount":4800,"terms":"本合同受公证处监管"}', 'FULLY_SIGNED', '2026-01-15 09:00:00', '2026-01-15 09:01:00'),
(4, 4, 12, 2, 'CNT20260104A004', '预付费服务合同', '{"service":"年度健身卡","amount":3600,"terms":"本合同受公证处监管"}', 'FULLY_SIGNED', '2026-01-18 16:45:00', '2026-01-18 16:46:00'),
(5, 5, 13, 2, 'CNT20260105A005', '预付费服务合同', '{"service":"年度健身卡","amount":3600,"terms":"本合同受公证处监管"}', 'FULLY_SIGNED', '2026-01-20 11:00:00', '2026-01-20 11:01:00'),
(6, 6, 14, 2, 'CNT20260106A006', '预付费服务合同', '{"service":"私教课程10次卡","amount":6500,"terms":"本合同受公证处监管"}', 'FULLY_SIGNED', '2026-01-22 13:30:00', '2026-01-22 13:31:00'),
(7, 7, 15, 3, 'CNT20260107A007', '预付费服务合同', '{"service":"面部护理年卡","amount":7200,"terms":"本合同受公证处监管"}', 'FULLY_SIGNED', '2026-02-01 10:00:00', '2026-02-01 10:01:00'),
(8, 8, 16, 3, 'CNT20260108A008', '预付费服务合同', '{"service":"美发造型套餐","amount":2800,"terms":"本合同受公证处监管"}', 'FULLY_SIGNED', '2026-02-05 15:20:00', '2026-02-05 15:21:00');

-- =====================================================
-- 10. 通知
-- =====================================================
INSERT INTO notification (id, user_id, title, content, type, is_read) VALUES
(1, 4, '商户审核通过', '恭喜，您的商户注册申请已通过审核', 'REVIEW', 1),
(2, 5, '商户审核通过', '恭喜，您的商户注册申请已通过审核', 'REVIEW', 1),
(3, 6, '商户审核通过', '恭喜，您的商户注册申请已通过审核', 'REVIEW', 1),
(4, 8, '商户审核未通过', '您的商户注册申请未通过审核，原因：营业执照信息不完整', 'REVIEW', 0),
(5, 9, '订单支付成功', '您的订单ORD20260101000001已支付成功，资金已托管', 'ORDER', 1),
(6, 4, '新订单通知', '您有一笔新订单ORD20260101000001', 'ORDER', 1),
(7, 13, '退款进度更新', '您的退款申请正在处理中', 'REFUND', 0),
(8, 15, '退款成功', '您的退款申请已处理完成，退款金额4800元', 'REFUND', 1),
(9, 1, '新核销申请', '商户「健力健身俱乐部」提交了核销申请', 'VERIFICATION', 0),
(10, 14, '退款进度更新', '商户已同意您的退款申请，等待公证处处理', 'REFUND', 0);

-- =====================================================
-- 11. 风险预警
-- =====================================================
INSERT INTO risk_alert (id, merchant_id, alert_type, description, level, status, handler_id, handle_time, handle_comment) VALUES
(1, 2, 'HIGH_FREQUENCY', '商户「健力健身俱乐部」近7天退款申请数量异常偏高（5笔），超过正常阈值', 'MEDIUM', 'PENDING', NULL, NULL, NULL),
(2, 1, 'LARGE_WITHDRAWAL', '商户「阳光教育培训中心」申请释放资金达到20000元，超过单次释放限额', 'HIGH', 'PENDING', NULL, NULL, NULL),
(3, 3, 'ABNORMAL_REFUND', '商户「美丽人生美容院」退款率达到25%，超过行业平均水平', 'MEDIUM', 'PENDING', NULL, NULL, NULL),
(4, 2, 'LOW_BALANCE', '商户「健力健身俱乐部」托管账户余额不足以覆盖未消费订单', 'HIGH', 'PENDING', NULL, NULL, NULL),
(5, 1, 'HIGH_FREQUENCY', '商户「阳光教育培训中心」近30天新增订单量同比增长300%', 'LOW', 'PROCESSED', 1, '2026-03-01 10:00:00', '经核实为正常季节性增长，无风险');

-- =====================================================
-- 12. 行业统计缓存
-- =====================================================
INSERT INTO industry_stats (id, industry_type, total_merchants, total_transactions, total_amount, total_refunds, refund_amount, period_type, period_value) VALUES
(1, 'EDUCATION', 2, 120, 580000.00, 8, 38400.00, 'MONTHLY', '2026-03'),
(2, 'FITNESS', 1, 95, 420000.00, 5, 32500.00, 'MONTHLY', '2026-03'),
(3, 'BEAUTY', 1, 78, 360000.00, 3, 16800.00, 'MONTHLY', '2026-03'),
(4, 'ELDERLY', 0, 0, 0.00, 0, 0.00, 'MONTHLY', '2026-03'),
(5, 'OTHER', 0, 0, 0.00, 0, 0.00, 'MONTHLY', '2026-03'),
(6, 'EDUCATION', 2, 100, 490000.00, 6, 28800.00, 'MONTHLY', '2026-02'),
(7, 'FITNESS', 1, 80, 350000.00, 3, 19500.00, 'MONTHLY', '2026-02'),
(8, 'BEAUTY', 1, 65, 290000.00, 2, 10000.00, 'MONTHLY', '2026-02');
